{"packages/flutter_icons/fonts/AntDesign.ttf":["packages/flutter_icons/fonts/AntDesign.ttf"],"packages/flutter_icons/fonts/Entypo.ttf":["packages/flutter_icons/fonts/Entypo.ttf"],"packages/flutter_icons/fonts/EvilIcons.ttf":["packages/flutter_icons/fonts/EvilIcons.ttf"],"packages/flutter_icons/fonts/Feather.ttf":["packages/flutter_icons/fonts/Feather.ttf"],"packages/flutter_icons/fonts/FontAwesome.ttf":["packages/flutter_icons/fonts/FontAwesome.ttf"],"packages/flutter_icons/fonts/FontAwesome5_Brands.ttf":["packages/flutter_icons/fonts/FontAwesome5_Brands.ttf"],"packages/flutter_icons/fonts/FontAwesome5_Regular.ttf":["packages/flutter_icons/fonts/FontAwesome5_Regular.ttf"],"packages/flutter_icons/fonts/FontAwesome5_Solid.ttf":["packages/flutter_icons/fonts/FontAwesome5_Solid.ttf"],"packages/flutter_icons/fonts/Foundation.ttf":["packages/flutter_icons/fonts/Foundation.ttf"],"packages/flutter_icons/fonts/Ionicons.ttf":["packages/flutter_icons/fonts/Ionicons.ttf"],"packages/flutter_icons/fonts/MaterialCommunityIcons.ttf":["packages/flutter_icons/fonts/MaterialCommunityIcons.ttf"],"packages/flutter_icons/fonts/MaterialIcons.ttf":["packages/flutter_icons/fonts/MaterialIcons.ttf"],"packages/flutter_icons/fonts/Octicons.ttf":["packages/flutter_icons/fonts/Octicons.ttf"],"assets/fonts/Product-Sans-Bold-Italic.ttf":["assets/fonts/Product-Sans-Bold-Italic.ttf"],"assets/fonts/Product-Sans-Bold.ttf":["assets/fonts/Product-Sans-Bold.ttf"],"assets/fonts/Product-Sans-Italic.ttf":["assets/fonts/Product-Sans-Italic.ttf"],"assets/fonts/Product-Sans-Regular.ttf":["assets/fonts/Product-Sans-Regular.ttf"],"packages/flutter_icons/fonts/SimpleLineIcons.ttf":["packages/flutter_icons/fonts/SimpleLineIcons.ttf"],"packages/flutter_icons/fonts/Zocial.ttf":["packages/flutter_icons/fonts/Zocial.ttf"],"assets/images/app_icon.png":["assets/images/app_icon.png"],"assets/langs/ar-DZ.json":["assets/langs/ar-DZ.json"],"packages/easy_localization/i18n/ar-DZ.json":["packages/easy_localization/i18n/ar-DZ.json"],"packages/easy_localization/i18n/ar.json":["packages/easy_localization/i18n/ar.json"],"assets/langs/de-DE.json":["assets/langs/de-DE.json"],"packages/progress_dialog/assets/double_ring_loading_io.gif":["packages/progress_dialog/assets/double_ring_loading_io.gif"],"assets/images/empty_active_delivery.png":["assets/images/empty_active_delivery.png"],"assets/langs/en-US.json":["assets/langs/en-US.json"],"packages/easy_localization/i18n/en-US.json":["packages/easy_localization/i18n/en-US.json"],"packages/easy_localization/i18n/en.json":["packages/easy_localization/i18n/en.json"],"assets/langs/es-ES.json":["assets/langs/es-ES.json"],"assets/langs/fr-FR.json":["assets/langs/fr-FR.json"],"assets/langs/hi-IN.json":["assets/langs/hi-IN.json"],"assets/langs/id-ID.json":["assets/langs/id-ID.json"],"assets/langs/it-IT.json":["assets/langs/it-IT.json"],"assets/langs/ja-JP.json":["assets/langs/ja-JP.json"],"assets/langs/ko-KR.json":["assets/langs/ko-KR.json"],"packages/flutter_widget_from_html_core/test/images/logo.png":["packages/flutter_widget_from_html_core/test/images/logo.png"],"packages/flutter_widget_from_html/test/images/logo.svg":["packages/flutter_widget_from_html/test/images/logo.svg"],"assets/images/logowhite.png":["assets/images/logowhite.png"],"assets/langs/ms-MY.json":["assets/langs/ms-MY.json"],"packages/open_iconic_flutter/assets/open-iconic.woff":["packages/open_iconic_flutter/assets/open-iconic.woff"],"assets/images/placeholder_image.png":["assets/images/placeholder_image.png"],"assets/langs/pt-PT.json":["assets/langs/pt-PT.json"],"assets/langs/ru-RU.json":["assets/langs/ru-RU.json"],"assets/langs/th-TH.json":["assets/langs/th-TH.json"],"assets/langs/tr-TR.json":["assets/langs/tr-TR.json"],"assets/images/transparent.png":["assets/images/transparent.png"],"assets/langs/ur-EU.json":["assets/langs/ur-EU.json"],"assets/images/user_default_photo.png":["assets/images/user_default_photo.png"],"assets/images/verify_email_icon.jpg":["assets/images/verify_email_icon.jpg"],"packages/flutter_icons/fonts/weathericons.ttf":["packages/flutter_icons/fonts/weathericons.ttf"],"assets/langs/zh-CN.json":["assets/langs/zh-CN.json"]}