[{"family":"MaterialIcons","fonts":[{"asset":"fonts/MaterialIcons-Regular.otf"}]},{"family":"Product Sans","fonts":[{"asset":"assets/fonts/Product-Sans-Regular.ttf"},{"asset":"assets/fonts/Product-Sans-Bold-Italic.ttf"},{"asset":"assets/fonts/Product-Sans-Bold.ttf"},{"asset":"assets/fonts/Product-Sans-Italic.ttf"}]},{"family":"packages/flutter_icons/Ionicons","fonts":[{"asset":"packages/flutter_icons/fonts/Ionicons.ttf"}]},{"family":"packages/flutter_icons/AntDesign","fonts":[{"asset":"packages/flutter_icons/fonts/AntDesign.ttf"}]},{"family":"packages/flutter_icons/FontAwesome","fonts":[{"asset":"packages/flutter_icons/fonts/FontAwesome.ttf"}]},{"family":"packages/flutter_icons/MaterialIcons","fonts":[{"asset":"packages/flutter_icons/fonts/MaterialIcons.ttf"}]},{"family":"packages/flutter_icons/Entypo","fonts":[{"asset":"packages/flutter_icons/fonts/Entypo.ttf"}]},{"family":"packages/flutter_icons/EvilIcons","fonts":[{"asset":"packages/flutter_icons/fonts/EvilIcons.ttf"}]},{"family":"packages/flutter_icons/Feather","fonts":[{"asset":"packages/flutter_icons/fonts/Feather.ttf"}]},{"family":"packages/flutter_icons/Foundation","fonts":[{"asset":"packages/flutter_icons/fonts/Foundation.ttf"}]},{"family":"packages/flutter_icons/MaterialCommunityIcons","fonts":[{"asset":"packages/flutter_icons/fonts/MaterialCommunityIcons.ttf"}]},{"family":"packages/flutter_icons/Octicons","fonts":[{"asset":"packages/flutter_icons/fonts/Octicons.ttf"}]},{"family":"packages/flutter_icons/SimpleLineIcons","fonts":[{"asset":"packages/flutter_icons/fonts/SimpleLineIcons.ttf"}]},{"family":"packages/flutter_icons/Zocial","fonts":[{"asset":"packages/flutter_icons/fonts/Zocial.ttf"}]},{"family":"packages/flutter_icons/FontAwesome5","fonts":[{"asset":"packages/flutter_icons/fonts/FontAwesome5_Regular.ttf"}]},{"family":"packages/flutter_icons/FontAwesome5_Brands","fonts":[{"asset":"packages/flutter_icons/fonts/FontAwesome5_Brands.ttf"}]},{"family":"packages/flutter_icons/FontAwesome5_Solid","fonts":[{"asset":"packages/flutter_icons/fonts/FontAwesome5_Solid.ttf"}]},{"family":"packages/flutter_icons/WeatherIcons","fonts":[{"asset":"packages/flutter_icons/fonts/weathericons.ttf"}]},{"family":"packages/open_iconic_flutter/OpenIconic","fonts":[{"asset":"packages/open_iconic_flutter/assets/open-iconic.woff"}]}]